explore,1043
sky,585
nikon,552
2007,552
blue,534
bw,523
canon,471
water,448
portrait,445
red,445
night,414
nature,411
green,407
sunset,403
clouds,380
macro,374
light,358
flower,349
abigfave,322
white,301
selfportrait,283
beach,283
yellow,281
dog,279
me,277
interestingness,276
geotagged,270
landscape,268
art,261
flowers,256
street,254
i500,252
architecture,243
365days,240
blackandwhite,238
tree,234
graffiti,228
reflection,227
california,224
black,220
impressedbeauty,218
nyc,217
people,216
city,214
naturesfinest,213
london,210
sun,208
explored,206
sea,203
diamondclassphotographer,196
anawesomeshot,192
france,190
japan,190
2008,188
pink,186
usa,185
italy,183
snow,182
canada,181
color,181
orange,180
film,180
spring,177
girl,174
urban,173
sanfrancisco,172
supershot,171
hdr,171
trees,169
paris,160
newyork,159
d80,155
travel,155
winter,153
food,153
bird,151
self,143
sign,143
50mm,139
building,138
summer,138
bokeh,137
home,132
love,132
d50,131
streetart,131
e,129
colors,129
italia,128
lake,128
lights,126
music,123
river,120
shadow,117
india,116
man,114
photoshop,112
chicago,109
vintage,107
park,98